日期,收盘价,净值,估值,溢价率
8/8/2023,0.9870,0.9745,33.7673,0.2132%
8/9/2023,0.9760,0.9575,33.2324,0.4322%
8/10/2023,0.9590,0.9576,33.2451,0.2404%
8/11/2023,0.9610,0.9452,32.9553,0.3341%
8/14/2023,0.9470,0.9680,33.5343,0.2647%
8/15/2023,0.9790,0.9581,33.1833,1.2828%
8/16/2023,0.9680,0.9486,32.8598,1.1706%
8/17/2023,0.9590,0.9400,32.6315,1.4493%
8/18/2023,0.9460,0.9384,32.4804,0.7884%
8/21/2023,0.9500,0.9634,33.1289,1.1391%
8/22/2023,0.9760,0.9572,33.1097,1.2133%
8/23/2023,0.9720,0.9778,33.3405,1.5038%
8/24/2023,1.0030,0.9530,32.5923,2.5458%
8/25/2023,0.9600,0.9570,32.7631,0.6078%
8/28/2023,0.9680,0.9653,33.0440,1.0122%
8/29/2023,0.9700,0.9903,33.8544,0.4037%
8/30/2023,0.9950,0.9960,34.1519,0.4036%
8/31/2023,0.9950,1.0029,34.2298,-0.1505%
9/1/2023,0.9960,1.0026,34.2533,-0.7078%
9/4/2023,1.0020,1.0025,34.2533,-0.0798%
9/5/2023,1.0020,1.0065,34.3856,-0.0698%
9/6/2023,1.0050,1.0000,33.9209,-0.1590%
9/7/2023,0.9920,0.9882,33.5381,-0.4915%
9/8/2023,1.0000,0.9899,33.6368,1.2248%
9/11/2023,0.9910,0.9974,33.8744,0.3443%
9/12/2023,0.9970,0.9814,33.3858,0.0100%
9/13/2023,0.9850,0.9867,33.5644,0.1729%
9/14/2023,0.9950,0.9945,33.8334,0.6983%
9/15/2023,0.9960,0.9681,33.2248,0.0904%
9/18/2023,0.9760,0.9720,33.4121,0.6704%
9/19/2023,0.9750,0.9676,33.3780,0.2158%
9/20/2023,0.9730,0.9475,32.6076,0.3714%
9/21/2023,0.9520,0.9292,32.0667,0.5068%
9/22/2023,0.9410,0.9330,32.1631,1.1937%
9/25/2023,0.9410,0.9375,32.3453,0.7603%
9/26/2023,0.9330,0.9226,31.7782,-0.5649%
9/27/2023,0.9270,0.9267,32.1668,0.4551%
9/28/2023,0.9340,0.9374,32.4686,0.7008%
10/9/2023,0.9590,0.9740,33.8434,-1.2358%
10/10/2023,0.9720,0.9784,33.9124,-0.3384%
10/11/2023,0.9770,0.9896,34.3577,-0.1839%
10/12/2023,0.9950,0.9888,34.2953,0.4543%
10/13/2023,0.9880,0.9702,33.7508,-0.1617%
10/16/2023,0.9750,0.9818,34.1179,0.4637%
10/17/2023,0.9800,0.9751,33.9370,-0.1732%
10/18/2023,0.9710,0.9612,33.5440,-0.4409%
10/19/2023,0.9540,0.9537,33.4098,-0.7387%
10/20/2023,0.9500,0.9367,32.8894,-0.4715%
10/23/2023,0.9430,0.9427,33.1209,0.5223%
10/24/2023,0.9560,0.9508,32.1773,3.0839%
10/25/2023,0.9520,0.9181,30.5277,0.0210%
10/26/2023,0.9150,0.8976,29.8021,-0.3919%
10/27/2023,0.9120,0.9035,30.0019,1.6156%
10/30/2023,0.9150,0.9114,30.3962,1.1050%
11/1/2023,0.9150,0.9339,31.1825,0.0985%
11/2/2023,0.9380,0.9480,31.4344,0.3745%
11/3/2023,0.9410,0.9614,31.8064,-0.7593%
11/6/2023,0.9590,0.9662,32.0603,-0.2704%
11/7/2023,0.9600,0.9782,32.4284,-0.6931%
11/8/2023,0.9720,0.9837,32.6302,-0.6541%
11/9/2023,0.9840,0.9799,32.4600,0.0203%
11/10/2023,0.9780,1.0079,33.2848,-0.1735%
11/13/2023,1.0050,1.0031,33.1210,-0.3075%
11/14/2023,1.0040,1.0249,33.7151,0.0797%
11/15/2023,1.0290,1.0237,33.7177,0.3902%
11/16/2023,1.0260,1.0315,34.0455,0.1953%
11/17/2023,1.0410,1.0300,33.8838,0.8721%
11/20/2023,1.0240,1.0438,34.3515,-0.5825%
11/21/2023,1.0460,1.0324,33.5097,0.0287%
11/22/2023,1.0340,1.0328,33.6729,-0.1063%
11/23/2023,1.0380,1.0317,33.6729,0.2899%
11/24/2023,1.0350,1.0263,33.5923,0.2130%
11/27/2023,1.0260,1.0251,33.5608,-0.1071%
11/28/2023,1.0290,1.0287,33.6419,0.3805%
11/29/2023,1.0300,1.0271,33.4741,0.0680%
11/30/2023,1.0330,1.0187,33.2262,0.4375%
12/1/2023,1.0220,1.0191,33.1820,0.3042%
12/4/2023,1.0140,1.0026,32.6808,-0.3734%
12/5/2023,0.9990,1.0102,32.9969,-0.4881%
12/6/2023,1.0190,1.0007,32.7014,1.0211%
12/7/2023,1.0030,1.0237,33.4576,0.2499%
12/8/2023,1.0250,1.0293,33.5850,0.1466%
12/11/2023,1.0340,1.0368,33.5294,0.3494%
12/12/2023,1.0430,1.0486,33.8124,0.6271%
12/13/2023,1.0630,1.0566,34.0395,1.3733%
12/14/2023,1.0700,1.0552,33.9156,1.1820%
12/15/2023,1.0580,1.0613,34.1379,0.1894%
12/18/2023,1.0690,1.0692,34.4263,0.5266%
12/19/2023,1.0820,1.0738,34.5723,1.1309%
12/20/2023,1.0830,1.0601,34.3557,0.9038%
12/21/2023,1.0730,1.0751,34.7687,1.2742%
12/22/2023,1.0770,1.0749,34.7935,0.1767%
12/25/2023,1.0850,1.0756,34.7926,0.8458%
12/26/2023,1.0920,1.0815,34.9125,1.5342%
12/27/2023,1.0890,1.0813,34.8592,0.6376%
12/28/2023,1.0830,1.0813,34.8838,0.1665%
12/29/2023,1.0820,1.0746,34.7653,0.0092%
1/2/2024,1.0800,1.0457,33.8637,0.2972%
1/3/2024,1.0530,1.0395,33.6789,0.6404%
1/4/2024,1.0520,1.0330,33.4013,1.5346%
1/5/2024,1.0390,1.0368,33.4356,0.5808%
1/8/2024,1.0400,1.0662,34.3273,0.3474%
1/9/2024,1.0820,1.0728,34.5396,1.4153%
1/10/2024,1.0870,1.0847,34.9316,1.3331%
1/11/2024,1.1030,1.0897,35.0180,1.7340%
1/12/2024,1.1010,1.0916,35.1353,1.1205%
1/15/2024,1.1290,1.0915,35.1353,3.3504%
1/16/2024,1.0990,1.1040,35.1818,0.4295%
1/17/2024,1.1010,1.0960,34.9987,0.4196%
1/18/2024,1.1150,1.1153,35.6916,1.5853%
1/19/2024,1.1460,1.1473,36.5101,2.4861%
1/22/2024,1.1850,1.1488,36.5735,3.3580%
1/23/2024,1.1720,1.1540,36.8137,1.9130%
1/24/2024,1.1810,1.1653,37.2201,2.3131%
1/25/2024,1.1850,1.1696,37.2199,1.4989%
1/26/2024,1.1700,1.1574,36.9367,0.0171%
1/29/2024,1.1850,1.1704,37.2675,2.4378%
1/30/2024,1.2070,1.1596,35.2740,3.1183%
1/31/2024,1.1720,1.1286,34.2033,1.0345%
2/1/2024,1.1570,1.1422,33.6493,2.5164%
2/2/2024,1.1900,1.1755,34.4546,4.1849%
2/5/2024,1.2120,1.1824,34.5830,3.0087%
2/6/2024,1.2300,1.1749,34.4948,4.1050%
2/7/2024,1.2180,1.1953,35.0389,3.6949%
2/8/2024,1.2590,1.1986,35.0762,5.2588%
2/19/2024,1.2590,1.1909,34.6140,5.7361%
2/20/2024,1.2560,1.1773,34.1823,5.4310%
2/21/2024,1.2340,1.1663,33.2821,4.8785%
2/22/2024,1.2790,1.2214,34.5390,9.6254%
2/23/2024,1.3250,1.2184,34.4097,8.4199%
2/26/2024,1.3070,1.2147,33.9818,7.3423%
2/27/2024,1.3090,1.2169,34.1275,7.7810%
2/28/2024,1.3340,1.2062,33.8177,9.5868%
2/29/2024,1.3270,1.2231,34.2563,10.0514%
3/1/2024,1.3710,1.2483,34.6718,12.0098%
3/4/2024,1.4390,1.2478,34.4661,15.2860%
3/5/2024,1.3660,1.2249,33.8267,9.4025%
3/6/2024,1.3950,1.2373,34.0357,13.9241%
3/7/2024,1.3660,1.2671,34.9812,10.3660%
3/8/2024,1.4310,1.2379,34.4454,12.8727%
3/11/2024,1.4090,1.2284,34.3320,13.8218%
3/12/2024,1.4380,1.2585,35.0900,17.0533%
3/13/2024,1.4160,1.2449,34.8572,12.4613%
3/14/2024,1.4340,1.2418,35.0511,15.1530%
3/15/2024,1.4190,1.2251,34.5861,14.3433%
3/18/2024,1.4370,1.2392,35.1279,17.3253%
3/19/2024,1.3960,1.2419,35.2268,12.5806%
3/20/2024,1.3970,1.2591,35.3067,12.4618%
3/21/2024,1.3800,1.2644,35.2880,9.6456%
3/22/2024,1.3460,1.2738,35.5876,6.4116%
3/25/2024,1.3770,1.2674,35.3139,8.1697%
3/26/2024,1.4010,1.2577,35.1041,10.5325%
3/27/2024,1.3990,1.2583,35.1218,11.1641%
3/28/2024,1.3850,1.2560,35.0323,10.0779%
3/29/2024,1.3730,1.2560,35.0327,9.3240%
4/1/2024,1.3960,1.2654,35.3011,11.1465%
4/2/2024,1.3860,1.2560,35.0511,9.4787%
4/3/2024,1.3570,1.2593,35.1453,8.0930%
4/8/2024,1.3420,1.2517,35.0292,7.0346%
4/9/2024,1.3230,1.2553,35.1521,5.7047%
4/10/2024,1.3400,1.2484,34.9962,6.7474%
4/11/2024,1.3190,1.2767,35.8188,5.6806%
4/12/2024,1.3870,1.2540,35.2764,8.5629%
4/15/2024,1.3800,1.2310,34.5854,10.1181%
4/16/2024,1.3150,1.2349,34.6087,6.9019%
4/17/2024,1.3180,1.2140,34.2106,6.7898%
4/18/2024,1.3160,1.2078,34.0498,8.4645%
4/19/2024,1.2680,1.1703,33.0721,4.9930%
4/22/2024,1.2400,1.1864,33.5238,6.1280%
4/23/2024,1.2560,1.2091,34.1852,5.7951%
4/24/2024,1.3140,1.2100,33.7320,8.6130%
4/25/2024,1.2680,1.2027,31.8655,4.7761%
4/26/2024,1.3060,1.2392,33.0845,8.6251%
4/29/2024,1.3160,1.2337,32.8033,6.0692%
4/30/2024,1.3170,1.2097,32.0982,6.7780%
5/6/2024,1.3190,1.2630,33.7215,5.8757%
5/7/2024,1.3330,1.2609,33.7339,5.2424%
5/8/2024,1.3210,1.2609,33.6943,4.7997%
5/9/2024,1.3140,1.2585,33.6883,4.2278%
5/10/2024,1.3240,1.2629,33.7404,5.2297%
5/13/2024,1.3260,1.2669,33.8515,4.9715%
5/14/2024,1.3230,1.2789,34.1241,4.4364%
5/15/2024,1.3520,1.3073,34.8074,5.7076%
5/16/2024,1.4050,1.3041,34.7642,7.3831%
5/17/2024,1.4060,1.3011,34.7368,7.7808%
5/20/2024,1.4290,1.3161,35.0916,9.8808%
5/21/2024,1.4620,1.3177,35.1884,11.0183%
5/22/2024,1.4570,1.3179,34.1264,10.6050%
5/23/2024,1.4800,1.3239,34.1720,12.3169%
5/24/2024,1.4100,1.3400,34.6128,6.5116%
5/27/2024,1.4640,1.3397,34.6128,9.1967%
5/28/2024,1.4810,1.3571,35.0598,10.5224%
5/29/2024,1.4760,1.3496,34.9204,8.7133%
5/30/2024,1.4530,1.3228,34.2065,7.6934%
5/31/2024,1.4480,1.3185,34.1611,9.5725%
6/3/2024,1.4740,1.3303,34.4863,11.7683%
6/4/2024,1.4640,1.3332,34.5892,9.9925%
6/5/2024,1.4770,1.3714,35.4867,10.7695%
6/6/2024,1.5370,1.3668,35.4197,11.9528%
6/7/2024,1.5480,1.3663,35.3575,13.2904%
6/11/2024,1.5660,1.3913,36.0603,13.9241%
6/12/2024,1.6090,1.4193,36.8815,15.6057%
6/13/2024,1.6220,1.4339,37.0836,14.1691%
6/14/2024,1.6570,1.4450,37.2982,15.4865%
6/17/2024,1.7090,1.4605,37.6652,18.2863%
6/18/2024,1.7270,1.4638,37.6506,18.1744%
6/19/2024,1.6750,1.4639,37.6506,14.4204%
6/20/2024,1.7390,1.4434,37.2128,18.8004%
6/21/2024,1.6840,1.4329,37.0423,16.7984%
6/24/2024,1.6750,1.4063,36.4754,16.9366%
6/25/2024,1.6190,1.4309,37.2544,15.0266%
6/26/2024,1.7020,1.4351,37.2341,18.8630%
6/27/2024,1.6810,1.4367,37.2710,17.1510%
6/28/2024,1.7110,1.4292,36.9019,19.1172%
7/1/2024,1.7170,1.4424,37.3350,20.1624%
7/2/2024,1.6970,1.4541,37.6135,17.5859%
7/3/2024,1.6730,1.4730,38.0876,15.0461%
7/4/2024,1.6600,1.4729,38.0876,12.6493%
7/5/2024,1.6590,1.4889,38.6041,12.6273%
7/8/2024,1.7010,1.4954,38.6905,14.1611%
7/9/2024,1.7360,1.4959,38.7274,16.0583%
7/10/2024,1.7280,1.5174,39.3336,15.5466%
7/11/2024,1.7690,1.4741,38.1186,16.5503%
7/12/2024,1.6760,1.4804,38.2705,13.8510%
7/15/2024,1.7150,1.4855,38.4176,15.7767%
7/16/2024,1.6980,1.4779,38.1147,14.2665%
7/17/2024,1.6700,1.4173,36.7180,13.0517%
7/18/2024,1.6500,1.4142,36.5634,16.6490%
7/19/2024,1.6170,1.3979,36.2239,14.2999%
7/22/2024,1.5690,1.4272,36.9812,12.3523%
7/23/2024,1.5750,1.4237,36.2506,10.2632%
7/24/2024,1.5220,1.3600,34.5345,6.9121%
7/25/2024,1.4650,1.3383,33.9048,8.0145%
7/26/2024,1.5000,1.3518,34.2049,12.1160%
7/29/2024,1.5570,1.3511,34.2493,15.0266%
7/30/2024,1.5150,1.3260,33.5521,12.1973%
7/31/2024,1.5340,1.3775,34.3001,15.8785%
8/1/2024,1.5900,1.3363,33.5877,15.1757%
8/2/2024,1.4810,1.3042,32.8589,10.9613%
8/5/2024,1.3330,1.2621,31.5952,2.4124%
8/6/2024,1.4100,1.2755,31.9057,11.8692%
8/7/2024,1.4020,1.2611,31.6048,9.8058%
8/8/2024,1.3650,1.3075,32.5992,8.4108%
8/9/2024,1.4140,1.3157,32.8421,8.0296%
8/12/2024,1.4390,1.3224,33.0142,9.3133%
8/13/2024,1.4790,1.3595,33.8927,11.8336%
8/14/2024,1.5330,1.3598,33.8695,12.6212%
8/15/2024,1.5480,1.3942,34.5978,13.7399%
8/16/2024,1.6020,1.3967,34.6957,14.7482%
8/19/2024,1.5640,1.4162,35.2533,12.0665%
8/20/2024,1.5960,1.4091,35.3685,12.5291%
8/21/2024,1.5970,1.4155,35.4870,13.2142%
8/22/2024,1.5940,1.3860,34.8060,12.5547%
8/23/2024,1.5810,1.4064,35.2830,14.0693%
8/26/2024,1.5790,1.3815,34.6773,12.3923%
8/27/2024,1.5650,1.3892,34.7618,13.0290%
8/28/2024,1.5770,1.3708,33.6701,13.6577%
8/29/2024,1.5220,1.3661,33.4528,11.0544%
8/30/2024,1.5460,1.3809,33.8177,13.3182%
9/2/2024,1.5730,1.3790,33.8177,13.5658%
9/3/2024,1.5750,1.3208,32.3556,14.0561%
9/4/2024,1.4450,1.3162,32.1507,9.7857%
9/5/2024,1.4640,1.3135,32.5299,11.3054%
9/6/2024,1.4580,1.2731,31.5618,10.7650%
9/9/2024,1.4700,1.2877,31.7991,15.5570%
9/10/2024,1.4550,1.3026,32.0730,13.0360%
9/11/2024,1.4650,1.3425,33.0585,12.6317%
9/12/2024,1.5380,1.3560,33.4485,14.4516%
9/13/2024,1.5530,1.3600,33.6712,14.5196%
9/18/2024,1.5270,1.3426,33.3852,12.7270%
9/19/2024,1.5570,1.3855,34.3609,15.7793%
9/20/2024,1.5580,1.3750,34.2581,12.4666%
9/23/2024,1.5750,1.3727,34.1845,14.0395%
9/24/2024,1.5600,1.3817,34.4418,13.4545%
9/25/2024,1.5360,1.3816,34.4377,11.0950%
9/26/2024,1.5540,1.3993,34.7330,11.9839%
9/27/2024,1.4790,1.3841,34.5421,5.8546%
9/30/2024,1.4540,1.3888,34.7863,4.7249%
10/8/2024,1.4510,1.4138,34.9794,5.1830%
10/9/2024,1.5200,1.4197,35.1024,8.3624%
10/10/2024,1.5460,1.4235,35.1359,8.6513%
10/11/2024,1.5460,1.4260,35.2060,8.8579%
10/14/2024,1.5550,1.4420,35.6631,9.0157%
10/15/2024,1.6020,1.4150,35.0495,11.0110%
10/16/2024,1.5740,1.4204,35.0281,11.5047%
10/17/2024,1.5940,1.4232,35.0440,12.7697%
10/18/2024,1.5710,1.4288,35.2192,10.4161%
10/21/2024,1.5620,1.4319,35.5265,9.3761%
10/22/2024,1.5600,1.4397,35.7034,8.4840%
10/23/2024,1.5510,1.4142,34.9853,8.0610%
10/24/2024,1.5340,1.4189,35.0542,8.6018%
10/25/2024,1.5220,1.4270,35.3705,7.3040%
10/28/2024,1.5400,1.4331,35.4724,7.5870%
10/29/2024,1.5320,1.4563,35.0796,7.1928%
10/30/2024,1.5830,1.4442,34.4871,8.5734%
10/31/2024,1.5490,1.3951,34.7849,7.4575%
11/1/2024,1.5200,1.4002,34.9343,8.9450%
11/4/2024,1.5240,1.3962,34.7781,8.6399%
11/5/2024,1.5120,1.4106,35.2552,8.4026%
11/6/2024,1.5660,1.4457,36.0008,10.6636%
11/7/2024,1.5630,1.4890,36.7735,7.9420%
11/8/2024,1.5690,1.4758,36.4937,6.2073%
11/11/2024,1.5600,1.4715,36.2556,5.4268%
11/12/2024,1.5370,1.4779,36.4623,4.9792%
11/13/2024,1.5430,1.4693,36.2308,4.5818%
11/14/2024,1.5470,1.4650,36.1860,5.4102%
11/15/2024,1.5340,1.4252,35.2237,4.6885%
11/18/2024,1.5280,1.4316,35.4272,7.4014%
11/19/2024,1.5400,1.4463,35.9183,7.4069%
11/20/2024,1.5530,1.4402,35.0964,7.3329%
11/21/2024,1.5330,1.4387,34.7136,6.5027%
11/22/2024,1.5300,1.4322,34.4792,6.3756%
11/25/2024,1.5330,1.4355,34.5482,7.0755%
11/26/2024,1.5310,1.4420,34.8087,6.5933%
11/27/2024,1.5250,1.4280,34.5248,5.7192%
11/28/2024,1.5120,1.4263,34.5248,6.0383%
11/29/2024,1.5160,1.4379,34.7986,6.1625%
12/2/2024,1.5120,1.4596,35.3191,5.0803%
12/3/2024,1.5280,1.4701,35.5959,4.5787%
12/4/2024,1.5320,1.4921,36.1203,4.3597%
12/5/2024,1.5550,1.4805,35.9583,4.0412%
12/6/2024,1.5390,1.4902,36.1244,3.9233%
12/9/2024,1.5420,1.4850,36.0554,3.3928%
12/10/2024,1.5300,1.4785,36.1603,3.0858%
12/11/2024,1.5300,1.5127,37.0651,3.5393%
12/12/2024,1.5580,1.5002,36.7396,2.7976%
12/13/2024,1.5780,1.5179,36.7866,5.2421%
12/16/2024,1.6070,1.5468,37.3819,5.8421%
12/17/2024,1.6540,1.5357,37.2287,6.8406%
12/18/2024,1.6630,1.4840,35.8476,8.3317%
12/19/2024,1.6110,1.4784,35.8292,8.7191%
12/20/2024,1.5770,1.4949,36.2814,6.7271%
12/23/2024,1.6360,1.5179,37.4504,9.3583%
12/24/2024,1.6370,1.5348,37.8274,7.7257%
12/25/2024,1.6440,1.5346,37.8274,7.0661%
12/26/2024,1.6560,1.5358,37.8037,7.8968%
12/27/2024,1.6380,1.5152,37.2463,6.6892%
12/30/2024,1.6140,1.4962,36.8413,6.5839%
12/31/2024,1.6100,1.4804,36.4220,7.6635%
1/2/2025,1.6320,1.4834,36.4805,10.2926%
1/3/2025,1.6210,1.5070,37.1096,9.2539%
1/6/2025,1.6600,1.5350,37.9059,10.0650%
1/7/2025,1.6610,1.5025,37.0730,8.0958%
1/8/2025,1.6490,1.4993,36.9908,9.8601%
1/9/2025,1.6360,1.4992,36.9908,9.1394%
1/10/2025,1.6260,1.4741,36.3119,8.4506%
1/13/2025,1.5850,1.4635,35.9927,7.6254%
1/14/2025,1.6110,1.4600,35.8284,10.1011%
1/15/2025,1.5960,1.4953,36.7858,9.3151%
1/16/2025,1.6320,1.4816,36.3080,9.0180%
1/17/2025,1.6240,1.5079,36.9219,9.6556%
1/20/2025,1.6420,1.5077,36.9219,8.8066%
1/21/2025,1.6390,1.5122,37.0579,8.6942%
1/22/2025,1.6430,1.5369,37.7547,8.3559%
1/23/2025,1.6310,1.5389,37.7697,6.0330%
1/24/2025,1.6380,1.5325,37.6489,6.4466%
1/27/2025,1.6050,1.4564,35.7709,4.7445%
2/5/2025,1.5900,1.5032,35.3195,5.9153%
2/6/2025,1.6010,1.5135,35.6098,6.3081%
2/7/2025,1.5960,1.4935,35.0711,5.4092%
2/10/2025,1.5840,1.5158,35.5198,6.1378%
2/11/2025,1.5930,1.5158,35.5860,5.0307%
2/12/2025,1.5980,1.5175,35.5554,5.4368%
2/13/2025,1.5980,1.5392,36.2743,5.2909%
2/14/2025,1.6050,1.5458,36.4573,4.2072%
2/17/2025,1.6170,1.5456,36.4573,4.5587%
2/18/2025,1.6440,1.5474,36.4467,6.3527%
2/19/2025,1.6280,1.5456,36.4469,5.1951%
2/20/2025,1.6050,1.5396,36.3563,3.8566%
2/21/2025,1.5930,1.5006,35.4866,3.5222%
2/24/2025,1.5670,1.4743,34.9741,4.5364%
2/25/2025,1.5420,1.4480,34.4146,4.7199%
2/26/2025,1.5500,1.4625,34.0107,7.1552%
2/27/2025,1.5540,1.4097,32.7818,6.2056%
2/28/2025,1.4760,1.4312,33.3439,4.9264%
3/3/2025,1.5000,1.3896,32.2924,4.7120%
3/4/2025,1.4490,1.3929,32.4496,4.4475%
3/5/2025,1.4740,1.4147,32.9346,5.7996%
3/6/2025,1.4720,1.3723,31.8818,3.9254%
3/7/2025,1.4490,1.3922,32.2681,5.7433%
3/10/2025,1.4430,1.3304,30.7555,3.5745%
3/11/2025,1.3760,1.3328,30.7061,3.7473%
3/12/2025,1.3820,1.3546,31.1827,3.6915%
3/13/2025,1.3840,1.3277,30.5149,2.0122%
3/14/2025,1.3990,1.3664,31.4067,5.5371%
3/17/2025,1.4040,1.3686,31.3848,2.6016%
3/18/2025,1.4100,1.3434,30.7511,2.9347%
3/19/2025,1.3970,1.3620,31.2102,4.1682%
3/20/2025,1.4380,1.3590,31.0868,5.4407%
3/21/2025,1.4270,1.3648,31.2772,5.1274%
3/24/2025,1.4600,1.3931,31.9241,6.9519%
3/25/2025,1.4780,1.3992,32.1379,5.9802%
3/26/2025,1.4690,1.3616,31.2207,4.9736%
3/27/2025,1.4290,1.3434,30.8702,5.0658%
3/28/2025,1.4150,1.3047,29.8840,5.4239%
3/31/2025,1.3550,1.3026,29.8542,4.0227%
4/1/2025,1.3860,1.3160,30.2307,6.4516%
4/2/2025,1.4060,1.3232,30.3309,6.7578%
4/3/2025,1.3670,1.2384,28.3528,3.3024%
4/7/2025,1.2300,1.1802,26.9070,6.2727%
4/8/2025,1.2560,1.1597,26.3547,6.9027%
4/9/2025,1.2500,1.3165,29.9869,8.0100%
4/10/2025,1.3750,1.2541,28.5930,3.5860%
4/11/2025,1.3600,1.2814,29.3279,8.8261%
4/14/2025,1.3960,1.2852,29.4703,8.7820%
4/15/2025,1.3710,1.2858,29.4029,6.6843%
4/16/2025,1.3310,1.2427,28.2401,3.4912%
4/17/2025,1.3410,1.2337,28.0177,8.2150%
4/18/2025,1.3260,1.2335,28.0178,7.4554%
4/21/2025,1.3190,1.2024,27.2676,6.9142%
4/22/2025,1.3200,1.2314,27.9865,9.9542%
4/23/2025,1.3710,1.2683,28.7944,11.1742%
4/24/2025,1.3450,1.3128,28.6943,5.8972%
4/25/2025,1.3940,1.3344,29.2085,5.9190%
4/28/2025,1.3990,1.3309,29.1130,4.6764%
4/29/2025,1.3970,1.3346,29.1717,4.9429%
4/30/2025,1.3930,1.3358,28.7392,4.3368%
5/6/2025,1.4150,1.3666,29.6235,2.3434%
5/7/2025,1.4200,1.3664,29.3124,3.7405%
5/8/2025,1.4410,1.3837,29.6546,5.4596%
5/9/2025,1.4340,1.3823,29.5762,3.6502%
5/12/2025,1.4650,1.4460,30.9853,6.0135%
5/13/2025,1.4820,1.4774,31.6391,2.1787%
5/14/2025,1.5410,1.4923,32.1349,4.0583%
5/15/2025,1.5300,1.4856,31.9312,2.4165%
5/16/2025,1.5250,1.4871,32.0221,2.7074%
5/19/2025,1.5030,1.4877,32.0377,1.0216%
5/20/2025,1.5220,1.4812,31.8207,2.2849%
5/21/2025,1.5030,1.4657,31.5871,1.5403%
5/22/2025,1.5040,1.4683,31.6908,2.7182%
5/23/2025,1.4930,1.4523,31.2681,1.6268%
5/26/2025,1.5040,1.4505,31.2681,3.6527%
5/27/2025,1.5220,1.4861,32.1509,4.7993%
5/28/2025,1.5390,1.4823,31.8353,3.4344%
5/29/2025,1.5710,1.4884,31.9587,6.0197%
5/30/2025,1.5340,1.4844,31.8574,3.0498%
6/3/2025,1.5430,1.5141,32.4103,2.8187%
6/4/2025,1.5570,1.5245,32.6261,2.7384%
6/5/2025,1.5550,1.5179,32.3595,1.9873%
6/6/2025,1.5580,1.5305,32.7892,2.6418%
6/9/2025,1.5600,1.5363,32.9233,1.8476%
6/10/2025,1.5590,1.5476,33.1828,1.4710%
6/11/2025,1.5640,1.5458,33.0539,0.9944%
6/12/2025,1.5580,1.5505,33.1508,0.7566%
6/13/2025,1.5420,1.5260,32.6725,-0.5867%
6/16/2025,1.5570,1.5523,33.2017,2.0783%
6/17/2025,1.5610,1.5408,32.9823,0.4828%
6/18/2025,1.5580,1.5413,32.9627,1.0966%
6/19/2025,1.5430,1.5406,32.9627,0.1298%
6/20/2025,1.5420,1.5269,32.6137,0.0454%
6/23/2025,1.5330,1.5406,32.8534,0.4192%
6/24/2025,1.5720,1.5665,33.3807,1.9852%
6/25/2025,1.5720,1.5823,33.8334,0.1721%
6/26/2025,1.5940,1.5962,34.0749,0.7140%
6/27/2025,1.6310,1.5999,34.3020,2.0715%
6/30/2025,1.6570,1.6115,34.4866,3.5625%
7/1/2025,1.6340,1.5883,34.0500,1.3082%
7/2/2025,1.6470,1.6062,34.4594,3.6566%
7/3/2025,1.6640,1.6237,34.8206,3.5857%
7/4/2025,1.6640,1.6239,34.8206,2.4189%
7/7/2025,1.6620,1.6112,34.5219,2.3588%
7/8/2025,1.6750,1.6158,34.5388,3.9275%
7/9/2025,1.6650,1.6326,34.9524,3.0768%
7/10/2025,1.6830,1.6293,34.9586,3.0618%
7/11/2025,1.6900,1.6264,34.9924,3.6873%
7/14/2025,1.6840,1.6290,35.0149,3.4907%
7/15/2025,1.7250,1.6421,35.3537,5.9062%
7/16/2025,1.7150,1.6440,35.2994,4.4204%
7/17/2025,1.7460,1.6544,35.5448,6.2432%
7/18/2025,1.7460,1.6547,35.5408,5.3966%
7/21/2025,1.7650,1.6662,35.8346,6.7368%
7/22/2025,1.7660,1.6482,35.5191,5.9960%
7/23/2025,1.7720,1.6552,35.2307,7.4525%
7/24/2025,1.7720,1.6653,35.5745,6.9725%
7/25/2025,1.7580,1.6704,35.6652,5.5032%
7/28/2025,1.7720,1.6829,35.8666,6.1205%
7/29/2025,1.7720,1.6813,35.8163,5.3445%
7/30/2025,1.7650,1.6852,35.4187,5.0470%
7/31/2025,1.8070,1.6856,34.7936,7.1196%
8/1/2025,1.7730,1.6523,34.0580,5.2725%
8/4/2025,1.7560,1.6885,34.8471,6.3662%
8/5/2025,1.8080,1.6751,34.5367,6.8242%
8/6/2025,1.7990,1.6988,34.9143,7.3838%
8/7/2025,1.8220,1.7042,35.0811,7.2522%
8/8/2025,1.8220,1.7255,35.6123,6.7995%
8/11/2025,1.8580,1.7175,35.4644,7.6789%
8/12/2025,1.8690,1.7470,36.0091,8.8844%
8/13/2025,1.9020,1.7412,35.8702,8.8163%
8/14/2025,1.9060,1.7394,35.8868,9.3705%
8/15/2025,1.9210,1.7286,35.7119,10.4213%
8/18/2025,1.8840,1.7242,35.6499,9.0656%
8/19/2025,1.8650,1.6919,34.9870,8.0971%
8/20/2025,1.8400,1.6795,34.6712,8.8951%
8/21/2025,1.8560,1.6717,34.5441,10.5815%
8/22/2025,1.8380,1.7011,35.1820,9.8428%
8/25/2025,1.8660,1.6967,35.2294,9.6679%
8/26/2025,1.8600,1.7048,35.3442,9.3796%
8/27/2025,1.8880,1.7061,34.9238,10.7656%
8/28/2025,1.8650,1.7201,35.2035,9.1856%
8/29/2025,1.8530,1.6953,34.7727,7.6199%
9/1/2025,1.8040,1.6961,34.7828,6.4244%
9/2/2025,1.8150,1.6829,34.4591,7.0607%
9/3/2025,1.8210,1.7104,35.3547,8.2704%
9/4/2025,1.8620,1.7221,35.3279,8.8125%
9/5/2025,1.8790,1.7303,35.3579,8.9970%
9/8/2025,1.8610,1.7412,35.5144,7.5474%
9/9/2025,1.8730,1.7476,35.7971,7.4954%
9/10/2025,1.9010,1.7610,36.0211,8.7218%
9/11/2025,1.8970,1.7661,36.1411,7.7657%
9/12/2025,1.8900,1.7760,36.3948,6.9610%
9/15/2025,1.9060,1.7992,37.0221,7.2655%
9/16/2025,1.9400,1.7958,36.9263,7.8137%
9/17/2025,1.9250,1.7840,36.6629,7.1588%
9/18/2025,1.9450,1.8133,37.1537,9.0308%
9/19/2025,1.9840,1.8288,37.5342,9.4500%
9/22/2025,2.0210,1.8409,37.8526,10.5338%
9/23/2025,2.0320,1.8260,37.5002,10.3209%
9/24/2025,2.0320,1.8175,37.2414,11.2388%
9/25/2025,2.0220,1.8148,37.1962,11.3068%
9/26/2025,2.0280,1.8193,37.2618,11.8156%
9/29/2025,2.0620,1.8224,37.2120,13.3777%
9/30/2025,2.0620,1.8284,37.3897,13.0297%
10/9/2025,2.1000,1.8674,37.9813,11.9522%
10/10/2025,2.0810,1.7922,36.5719,11.3966%
10/13/2025,2.0600,1.8408,37.5601,15.0452%
10/14/2025,2.0250,1.8212,37.1604,9.8097%
10/15/2025,2.0860,1.8428,37.5808,14.6091%
10/16/2025,2.1310,1.8408,37.5866,15.5389%
10/17/2025,2.0970,1.8488,37.8221,13.8807%
10/20/2025,2.1680,1.8755,38.3425,17.2082%
10/21/2025,2.1930,1.8654,38.0566,16.8914%
10/22/2025,2.2030,1.8505,37.8412,18.0474%
10/23/2025,2.2030,1.8686,37.0723,19.1262%
10/24/2025,2.2380,1.9008,37.7444,19.6599%
10/27/2025,2.2700,1.9418,38.7039,19.3606%
10/28/2025,2.2590,1.9580,39.1265,16.1559%
10/29/2025,2.2730,1.9793,39.2790,16.0108%
10/30/2025,2.2740,1.9463,37.9413,14.8253%
10/31/2025,2.2800,1.9415,37.7779,17.2478%
11/3/2025,2.2910,1.9460,37.9204,18.0441%
11/4/2025,2.2280,1.8988,37.0782,14.4501%
11/5/2025,2.2120,1.9146,37.5798,16.6359%
11/6/2025,2.2750,1.8788,36.9952,18.8052%
11/7/2025,2.2440,1.8671,36.7158,19.4634%
11/10/2025,2.2650,1.9190,37.8405,21.2916%
11/11/2025,2.2550,1.9052,37.6511,17.4173%
11/12/2025,2.2570,1.9015,37.4968,18.5150%
11/13/2025,2.2510,1.8566,36.5866,18.3304%
11/14/2025,2.1730,1.8609,36.6930,17.2060%
11/17/2025,2.1980,1.8466,36.6083,18.0324%
11/18/2025,2.1200,1.8232,36.0837,14.8180%
11/19/2025,2.1010,1.8420,35.9585,15.3635%
11/20/2025,2.2120,1.7972,35.1805,20.0608%
11/21/2025,2.1220,1.8094,35.5053,18.2766%
11/24/2025,2.1590,1.8732,36.8199,19.2291%
11/25/2025,2.2370,1.8843,37.0069,19.1922%
11/26/2025,2.2490,1.9003,37.2308,19.2914%
11/27/2025,2.2350,1.8998,37.2308,17.5202%
11/28/2025,2.2700,1.9152,37.4055,19.4548%
12/1/2025,2.2680,1.9057,37.2548,18.3901%
12/2/2025,2.2690,1.9248,37.4218,19.0264%
12/3/2025,2.3230,1.9278,37.4181,20.6941%
12/4/2025,2.3280,1.9297,37.4757,20.6843%
12/5/2025,2.3480,1.9454,37.7118,21.6454%
12/8/2025,2.3480,1.9485,37.6818,20.6764%
12/9/2025,2.3440,1.9544,37.7977,20.3162%
12/10/2025,2.3950,1.9609,37.8765,22.5377%
12/11/2025,2.3660,1.9460,37.3084,20.6097%
12/12/2025,2.3460,1.8921,36.4638,20.4745%
12/15/2025,2.3050,1.8746,36.1861,21.8803%
12/16/2025,2.2640,1.8780,36.2476,20.8498%
12/17/2025,2.3130,1.8313,35.3292,23.0581%
12/18/2025,2.2880,1.8643,35.7857,25.0273%
12/19/2025,2.2870,1.8952,36.3984,22.5879%
12/22/2025,2.3420,1.9046,36.5822,23.4191%
12/23/2025,2.3340,1.9182,36.9934,22.5454%
12/24/2025,2.3310,1.9209,37.0453,21.3936%
12/25/2025,2.3210,1.9188,37.0453,20.7345%
12/26/2025,2.3090,1.9180,37.0641,20.2041%
12/29/2025,2.2910,1.9087,36.9188,19.3851%
12/30/2025,2.3100,1.9087,36.8886,20.9994%
12/31/2025,2.29,1.9062,1.906,20.13%
1/6/2026,2.335,1.8986,1.8993,22.99%
1/7/2026,2.331,1.9132,1.9138,21.84%
1/8/2026,2.299,1.9174,1.9176,19.90%
1/9/2026,2.302,1.895,1.894,21.48%
1/12/2026,2.283,1.9158,1.9166,19.17%
1/13/2026,2.307,1.9190,1.9192,20.22%
1/14/2026,2.289,1.9176,1.9175,19.37%
1/15/2026,2.282,1.8908,1.8898,20.69%
1/16/2026,2.268,1.8964,1.8967,19.60%
1/19/2026,2.214,1.8976,1.8977,16.67%
1/20/2026,2.192,1.8968,1.8968,15.56%

